sl,Feature_1,Feature_2,Feature_3,Feature_4,Feature_5
0,61.07902498275099,53.79616929336475,61.24522556435048,50.91092050684884,41.284789857452445
1,54.27200083518306,60.96981108208685,72.46051125,81.39218893,109.33608018703586
2,48.15872991495463,73.46296919522824,64.94897760180307,62.77661152081053,121.5429226848746
3,68.61559707672797,44.839968731201665,45.28198908082112,135.7671628182144,87.46136034422385
4,51.77811749923775,,45.65570017729041,76.04557935981555,76.17076480857186
5,50.30785990176296,80.36910233,37.71782795467976,95.93647482762442,92.09738512493644
6,63.31785313042957,51.10931994470387,74.12971009,122.55980087869852,70.78835311
7,54.75551134723682,70.38648648,73.24706396524475,52.58127043,90.64829087619715
8,59.39830222189191,33.37018452,,23.006754871598773,69.06703264
9,60.56972333399577,22.45422610336997,59.997166939267466,92.25034373532773,108.36117943428175
10,46.27528377609903,65.46345088,35.31313222551225,96.95818489,127.31608539654559
11,67.67731812363928,58.087190223157876,63.68001411,69.64757997482069,105.25519125721532
12,25.378798890739375,65.60447162496071,70.22093985,51.093669221421834,87.58603605947513
13,30.203430921927414,88.12063203914758,46.70502015332559,87.74547763927322,119.67392133455802
14,,41.43987270131422,48.60320607769033,79.40633344307236,90.56718938978428
15,45.76639443725244,60.572818413696446,79.01846171515167,88.05503577,118.72046170962682
16,53.626246914354844,82.16199128,72.01243092420366,51.676103419465164,70.91568117752597
17,43.10555462490658,43.60514829755011,92.65738847,88.11988966261497,74.79787728165223
18,49.88081610027176,51.229094463407506,104.44201616990678,100.48838412031141,60.33555478809275
19,47.94857327432208,33.49072193997601,39.94382727930372,42.35279777537696,76.03572626950063
20,70.04465063939742,93.56773888752875,61.622646887829816,116.51041521661392,119.44189694691369
21,41.95024340749892,26.931892407482877,72.47268934,86.36231935544221,63.84757094132847
22,33.16955443438352,71.97878553965164,77.27146798458521,101.27361214787658,20.863198788770646
23,61.190002325401046,40.203000588297314,90.31762368431477,48.02673428168646,77.56456179
24,42.86043433388513,44.23661651401956,84.57249929,97.06462470943718,54.78812558270708
25,49.08336709149754,,92.76860233123276,38.88395578238389,74.86766798568352
26,43.538245498736266,48.862343515583355,71.22720413,56.29383433,
27,57.37176098051193,69.77681356840604,57.42992506164984,,63.33091644792366
28,36.25725444,80.70047375767489,108.99913038774682,73.10124586519086,109.0060179593295
29,22.008081531040247,63.01045478478542,73.06650358524516,80.68742922,87.59354234007026
30,62.957162884732945,73.33928773821245,65.16305019993064,128.1846711,101.17441989584252
31,,61.21009793404024,48.55561369649929,80.29535793306485,74.72219000913844
32,60.726444171572446,61.905091279178194,73.18936829,97.74254297193967,
33,62.62211972892907,50.47606356242659,90.08980052739639,78.33085178010272,102.80542024960033
34,40.83533786207673,88.93289151,59.99069209761206,77.59038242080776,103.63906179185241
35,50.60664997896732,71.14266741172995,67.33240903201578,55.543304331766436,92.96681877283693
36,55.053884790955536,67.82707912,74.98312883086908,89.20305564,127.67883706913469
37,48.917079278035274,71.55442137119405,79.44349539,,106.80454832024807
38,46.878487826642086,49.840644973254854,64.80329767799272,82.19657433,101.12714148797559
39,47.86348813138505,73.96457828778672,62.127816029784796,73.32479996963858,109.57935428371705
40,60.83542871305383,83.33821172237869,,,37.20066324781022
41,47.40987804912447,39.28953567449345,47.86807218466812,105.57006874903824,95.63281511066081
42,56.002294676034765,68.12344202307528,54.596439253190034,90.97643492821896,88.07928748801633
43,53.468928036820934,60.94185104750687,54.05866482921094,72.29077965126886,125.05752531122381
44,40.35816995,52.212225954367575,39.156458311143446,108.6106864911031,68.96913007841158
45,53.019694895141264,43.60116014332207,89.85889339516179,83.02325003529882,96.03317279976143
46,34.61328927067406,75.77879494481968,77.19135476576308,102.84401005394736,147.71521486096918
47,54.01433236944378,63.119844943874334,72.84454233,59.517564004586475,89.22854878706656
48,58.91117186,56.893049947466885,96.09095969627802,65.33225229628032,50.091786081198336
49,61.21414029096922,,84.35694765277489,82.42200019621383,155.21820153093398
50,40.473098593707476,58.08778818721323,54.20768686825182,49.11981836203802,68.53359188671568
51,44.63845928603144,49.43892417379381,93.46782122633408,70.75247386,58.806660362958965
52,52.84065207064523,61.934280719183235,89.44523034959776,48.01152621719554,59.98919213106093
53,45.240751884645555,59.57991054627222,,41.38118212209329,
54,,33.38718072722453,88.05562137202307,140.8998169,128.93339920969453
55,44.58303526243554,50.55650107836086,60.65500855801553,64.77563097034958,142.81209041857898
56,52.80201638240627,41.03407498198389,89.94296478,66.97417678530446,90.45960387183453
57,60.67528314640482,35.22896587266452,63.241064658620864,82.00547747497855,60.39378909014344
58,66.89208495226214,67.01549059383929,59.33334554569082,53.45656168962509,72.90165203954501
59,51.249478342900765,49.96849605255138,61.39451756621059,67.45829817785675,91.00752248187707
60,55.664944863977915,75.62109443278688,50.55663587701926,,89.36445085917916
61,59.60783991313791,,40.392874439942105,88.95248957228118,129.24894500136378
62,29.49440509383249,55.533690977501614,20.020050803047795,104.6520435608033,
63,39.80783908490466,50.76110536085337,48.90654000001482,119.3398258333737,56.53571544164287
64,51.02562203572518,36.33052988694941,122.61246560441302,85.26623715909844,80.70570638514009
65,65.55944868219781,60.07630548272215,79.56521777455059,74.46886234,101.07612427473305
66,56.29760731873652,37.64003180553101,107.28445217584816,44.15363855904257,76.72031199362634
67,53.29699604589016,63.340737594334286,63.63598817827213,70.42766383063385,74.27751273
68,47.71887961,,60.63356965047069,75.93755589160878,
69,54.267941306235066,,104.33081315041713,,
70,44.03559398467808,65.90825243963805,77.51524857,118.63063523428434,60.45831667583765
71,42.20170720468007,75.46852357611002,50.89449002614377,107.55736407051276,74.70875097440724
72,43.07063001408019,59.59854898309443,82.65834969,104.63855435190914,105.50451104170469
73,63.40481511172945,47.60958535672219,95.01769237226299,77.09493399353055,52.16932962635633
74,41.59747929204721,50.86572742265813,41.44255133682803,54.17420373364508,105.32199362755782
75,46.01222912,51.18938827952663,79.29316663621373,113.2000378554275,79.68605741246549
76,54.71011231825558,44.349919476845976,42.76550446848727,88.38403211685956,100.8842482965806
77,41.19815147480779,71.76316955163534,93.93510648617905,99.32705930885687,93.59593433265235
78,,67.90354243,74.61396863843072,95.48118336457553,56.47937056171952
79,52.25804193406817,35.02495147378744,82.59322317752417,87.76568135892913,70.90140879338784
80,43.75545891240111,47.60513306,65.65112129240046,129.99039541270523,133.42202995049635
81,47.41219779662779,43.62021967677801,34.36795141553351,63.56515819174881,161.1396542426354
82,40.5642371,64.76019008630115,61.171356795432956,72.27676120397032,37.58273436943845
83,63.82766003542645,76.14764266685034,88.59679047944886,121.02896504388303,121.29369348000428
84,52.575938606238545,66.72279035012674,109.87257565037035,82.05158538768514,98.86850216355406
85,39.513569211944024,49.482113075300056,75.64580179777354,76.85166416301207,152.46849769422923
86,51.263180830336694,55.21532546,56.27294844375628,73.67482163003058,73.24464468
87,51.71594162064911,39.10723115147549,80.71405556534864,96.98256532359397,116.9485140165112
88,27.567601562607706,40.25756224827239,86.79789468571676,74.26787935,80.92070261
89,63.40444044342945,72.69074572387039,72.65507476150135,71.4611667,128.44209631417323
90,40.10391887718541,81.66168304696882,71.42428414664238,96.57039041000085,159.33863594458086
91,70.90214687137168,49.27847207,74.27216516640647,82.33142915970093,96.39195662936166
92,57.952907609706656,60.72178230198795,70.87100754863995,54.76382524363799,55.83112852206324
93,38.73170260032754,70.80785640001903,75.95561926341294,80.80041044088095,132.41618318790023
94,46.85749379200124,35.04236697241725,,114.8632875490694,106.96446509041333
95,59.22618160553549,44.26970082546605,29.33393868789922,99.13265364779059,101.34098260075757
96,47.62247261944554,,,117.94949178559071,137.49715824176047
97,61.78237334418594,45.63425253165887,51.35291746351355,61.71750177143639,55.87090590400722
98,46.23931192221881,54.57248535871263,93.61606121132462,106.75574436867578,68.51454165496023
99,49.21334767,50.95598459405952,67.18235661,63.78707835089652,107.82796035028647
100,59.501500302108354,30.07830963,81.19409551067959,,67.84564718922542
101,,61.240838077566266,98.54613555651736,59.92340708,80.51971873537818
102,40.74772562520947,59.621225635516986,48.37980789,,
103,54.340516364110975,62.71276821630185,59.44964724233704,105.6987887,102.98860696585757
104,51.674481106643086,58.73136663977975,96.4816474,87.76039111466412,54.63517232504825
105,40.882665723633394,53.10208588517713,47.57874437319124,76.16795801582772,102.24107452727763
106,36.09523006559411,52.24091699471917,60.12439299035267,54.194715,127.17219622895898
107,,52.497359562600614,37.99289000715179,97.63328328915631,95.14614187549286
108,47.05575915169454,45.16965421729613,97.26726700147118,104.0905658947329,
109,49.459933972524695,47.49293081419038,58.375068728384534,87.45709016315972,74.48969279448633
110,55.04578056187657,45.42129480404463,77.02320934094232,53.69203440026212,97.79635039446065
111,58.20478619583097,,83.51960648,100.21772824213845,42.69707122261661
112,45.861411568906455,64.59153855687018,53.93526259167809,110.68111856486883,
113,49.16928652959133,60.407007722727556,31.919998366063076,118.3254218,100.80391768425393
114,42.41277679,89.13397816,65.61071805310472,69.05757485685709,51.29202836288003
115,,46.11457035,65.28344473508542,90.90762139502996,135.62637785521395
116,59.68508681638278,76.78165222879944,68.78993042805246,66.63670604943539,107.13403065062738
117,51.01142841445815,56.09954738268343,68.90034015411268,,69.21976145740605
118,61.633254000085316,62.35747027410397,60.024543153336424,119.58010445708324,109.68382788488275
119,59.51781660323624,70.06704347191175,59.24925396305362,94.11417986693002,
120,64.57697835,52.836951934620814,75.95407057629572,112.31869079110822,64.61587066109321
121,,44.149532427395755,53.52285219940647,49.379372748225194,60.62306039530701
122,44.675698251425274,46.62336253462492,68.09353103819363,87.21047687272585,59.75694589860134
123,56.21233522755957,28.40574274449651,58.740825371810544,92.70747665374518,103.12838532603521
124,,69.10194235981928,75.91210487286494,59.19553442838431,92.83573649436242
125,55.898516393246425,68.74109439990178,92.17152560636544,117.19596165063004,112.44663657507729
126,43.37196693116359,83.75475834138575,,73.86199706113577,5.409423699113162
127,41.715941480357955,66.22393363603064,95.78581745075348,91.3408823,78.25381806501062
128,62.164459834974835,69.82837121,63.318144493157625,66.24354043370832,78.67785762230847
129,39.87425569185679,58.776804661959645,64.99906016337681,50.139812053573976,91.57902867506562
130,60.22247778776032,66.97318831224067,44.62095373083631,102.82650235460791,90.80315216
131,,76.343894,63.14901944335482,89.47677618510893,96.84255884428217
132,50.94297567558768,62.72208325287962,63.86324352104271,85.93129217799473,92.66443998613013
133,31.07355148,52.181526632418745,57.65704728761108,73.04578362,76.23607478565887
134,64.85659121847438,56.69660648157718,57.56413713154531,88.79574108299006,78.01361226940192
135,40.65160331427589,71.27795404850252,36.046036196423266,111.65593594056041,88.41542409063015
136,59.53153621879175,52.63104890586254,43.16174808555205,62.90476152152121,105.13929962658231
137,43.090591984561065,73.33599489256727,70.89087175157493,94.00681649972228,92.55293691945505
138,42.288367872815165,88.62896807536048,71.64146613,85.06225627522649,
139,56.68616111912931,73.52193202247709,79.66111738991601,75.38963565760154,64.85621052062264
140,55.38465036777731,71.20703855,64.82211059564693,38.86108401253482,105.29686677756484
141,38.54902452806308,65.21448391586257,70.23308475664994,79.70018716110404,112.7217813569741
142,64.36759120537793,48.34695775,95.01019098129596,96.81721311521652,122.13042709321913
143,47.93954334623927,46.98627050945382,68.94198352407005,88.09931047687269,75.27221757996014
144,50.68928667039359,46.83566414775764,57.35861705718456,44.03315006522471,33.66949189079072
145,47.02922376,68.32098103272837,,111.17637868634158,
146,38.97236089,54.15805669069395,85.94959727,121.19800413236864,68.53104446
147,57.35224461435071,59.565114121219494,35.93315193230633,77.26256752546139,86.89888920836074
148,52.895506950282055,66.27984645979296,53.23162760623798,137.77690852062858,94.44689661567101
149,41.94915156,,78.37158665872954,59.261245127447054,106.60948992066258
150,59.44133329943259,52.47114301,31.868936462983946,48.19752543075569,116.79596541539462
151,50.54836941254006,64.84324202443855,57.71290424238579,54.62945494232795,125.08904680936209
152,50.76377017,55.63719196335995,72.58335012591465,86.12846929111502,129.5795556
153,67.76518691091141,,62.33324691598825,35.541292220575436,93.12139276
154,33.920002084830344,44.510174755549144,50.346221449435156,72.22717866977162,39.34071796294046
155,33.787960904290486,57.24132724,58.13111350238844,153.36375833812968,71.71378593
156,36.03994934,84.78254966801774,86.33968653308057,,132.24378259053967
157,53.63633233161532,53.30471242,106.62754781558485,66.32226226041739,94.46278674
158,46.409564169997225,42.79483777433877,72.78977363187197,54.09829249815243,155.35123830070467
159,47.20453547606081,74.37204236417107,30.234300403015958,72.87957164290084,78.63043808446668
160,40.57583588383348,67.85032398,81.36204554221189,,159.38589107022253
161,66.65251273821698,63.18927663776413,62.072329708886684,63.26096925667633,89.95474844193024
162,70.01017970072886,40.22037051251249,48.091542955230935,76.09238099076302,77.40740155195982
163,,,53.99453897149671,95.83013973878792,68.65000381171771
164,34.927143271555714,36.94021725304468,54.844203043562366,114.63364599503163,109.79561931060844
165,45.13103142510775,66.47297251725671,41.78304794444307,72.88936285,47.608381416401286
166,58.27461134619716,75.29803392752596,68.73862445787266,80.14462903,73.50732810249824
167,49.54170652238619,66.97901410158218,106.56293598619652,91.58139570949277,88.42254953503861
168,59.02220445567582,89.24853596574997,48.016178179943225,49.10553958423759,22.264896343738585
169,62.478153725783294,53.37144505251885,105.94694050315007,76.18372497,87.07692372
170,69.07195726692203,55.14495837997744,74.16233354952284,67.36173755468475,141.6148957167084
171,43.45134841343973,61.598428370923166,68.14205423087833,103.79832434397134,102.95865091468967
172,50.81284947031634,56.557523763850284,63.56080169867714,123.79563629964579,70.25863036508004
173,45.59236688202235,67.48066364774715,53.87711665069223,60.573436670924295,75.66374083719529
174,29.992177600366013,50.40568591591918,75.83705203669028,111.99975575301895,100.11436243417589
175,57.015877310571994,39.07913482586254,,43.54068892146425,74.67758595243404
176,55.63441801,33.15989131512624,21.49714171382888,85.01684211606181,104.05679397245827
177,44.53173846894654,67.20768935648059,120.86076678335297,86.49992023931607,73.83074374449667
178,34.01944508071105,52.11133319,33.78027269,42.90213890382636,59.271219434770316
179,46.158767409904996,42.45688529323236,59.55342394590428,59.28933046020546,125.42386286429019
180,57.31126655011113,50.71411395001175,18.834242813471405,56.856978863267216,111.27119303109245
181,63.37332880114424,89.28797853893178,64.64181503268887,47.21501926224931,33.34711591706896
182,42.874213371326725,43.33659910745707,60.77072248284978,13.344552241906683,79.89425477386345
183,61.07696352657561,70.90787295524703,59.76613264401301,74.81876379,121.28817538460933
184,,66.31640357173725,76.08667343787502,77.83065412981915,85.01578080207399
185,54.13234080784668,80.12149227019707,65.12376554612543,77.63436318486474,72.58352184663572
186,37.06447854256788,58.15360692578791,,99.14265261159629,82.42367633354746
187,37.49904523426794,36.594834023539654,45.25338508,31.554217011010806,93.32752223982283
188,41.69214036899589,74.88817957171143,71.54766554,70.47374705302249,84.61092895534775
189,46.73612482040028,56.25266527330815,57.36638099688704,,87.51969969420374
190,68.00746069236119,79.11694694717927,62.59321106933545,102.16889782406969,85.50180660697609
191,43.37764899599464,72.23953339967541,75.40697298361032,,60.79144767706059
192,57.71251414251211,74.93804388570948,59.913885371782186,54.58513845293148,59.245213045483126
193,45.35236761884663,95.52722563988073,67.89668531845639,75.10240239,57.30131921587782
194,54.727073128693455,64.22997067343937,46.915091787132305,22.503483510065323,92.74498531372168
195,49.370188342121615,81.64282604716925,91.91024460691824,94.63705768260455,107.48296592605624
196,51.77023128993783,53.92731698955437,84.56888065989241,115.0074767172442,61.76090499082037
197,53.696147959000164,68.11067094998505,71.99967113629496,43.755059776449094,44.996405094265846
198,47.50542694629885,,65.14679962,51.027891943160675,63.86042711488542
199,53.744640406971584,67.18859758586444,67.91256790307595,79.19929916239441,132.07210627096796
200,62.339158285866745,65.62208245910156,91.48046745028569,83.83235004702564,80.60673401954067
201,42.45884584642691,29.091501847408804,83.15211137275689,66.45686302382028,83.5774516
202,61.85865822932561,50.82408159514819,91.81688659838878,59.61576052143603,66.06861063
203,47.34796994359691,63.454735573085145,63.16217854169054,59.88356841964677,107.15117419757755
204,46.29007699395376,26.13910526683531,79.66798558915912,,86.29992844878393
205,56.99559361361074,58.56233443942222,93.77347964,94.65342983663405,68.20083365394224
206,46.58840816891772,75.12705434759424,51.47708393412874,78.76744389072326,59.072681184465594
207,53.191692505649165,79.50369724838558,50.21914278386862,76.37850518542764,101.33542768848311
208,52.25747907611325,48.26332929482353,75.50408989460767,36.018643093191145,97.91955463798344
209,29.16512814717897,80.46609260321802,45.30116213,101.67646688428955,52.851579345793574
210,,78.12174769754398,33.683500005979525,78.71524555,126.82146565088863
211,35.58898298667528,27.781639541417043,93.49291460017098,69.08434421033667,70.74334876074906
212,36.35118425,61.736878694764854,96.97797051,86.37845851,23.257399558852853
213,53.664637455624764,63.39643816817952,46.399608915736394,58.90475357612729,135.85903247488596
214,55.365897673162806,82.78192826839114,41.36026477839457,69.60351805,86.92373404
215,62.05049456838907,64.29577441387616,56.936205967268535,82.68969110187307,103.03411800082064
216,39.10632412435744,80.90596559412077,95.05616704239132,63.03613266,140.16858736015274
217,42.587209957242656,48.28827471904354,,38.85811549565664,59.92135651870947
218,54.64365793844356,36.029261199017036,71.89390035429622,34.78819541479535,104.3800634832399
219,62.24277459355732,50.28242718566841,76.49843482056062,91.14332052759876,125.25985032449631
220,51.92174792063179,83.65482655020473,73.47695604717238,79.22228033048518,61.964679701851615
221,41.22001050762029,73.8887907,99.88142288006836,78.33825671571644,133.81970507522286
222,65.06417023581152,94.83692150460226,55.60217942554523,50.95493185757314,47.72520960843597
223,47.376334697689174,38.35005831884794,67.95586458097166,79.48626662156761,87.13905174648589
224,47.68799374736095,75.61982969540342,74.64851399194738,69.98863519475493,57.73989437
225,,71.32299299660133,69.02008597668619,64.99845304321578,110.87528751007711
226,57.240876749465414,55.72024894255558,45.61797584977914,78.12373113699635,61.03817145253805
227,58.52605589380589,71.63891387494087,40.54928966279935,87.41077332982174,71.48072930828484
228,42.94168986609855,62.09947216385227,40.13045445,123.74757460510622,63.63103759072675
229,67.51207059055665,66.90461273312253,84.52509499684922,94.13233291795528,53.941922051404894
230,44.12871612777654,70.20824896505373,53.59194018621298,,66.99104648549401
231,56.252544787960616,,79.38549807882607,107.6163767593662,88.64005024234676
232,,61.30217499240606,71.73486075636413,60.899434430775415,86.99352351
233,,86.66004081919303,50.50285728956709,71.97788572582111,83.50580611804537
234,55.43903483544833,56.76412012657322,51.00201861640859,57.37723679544895,70.00370668097207
235,54.54124646170255,88.25636431032203,72.68026320828196,62.95445244161489,79.31900077010727
236,32.336173360552195,43.08234107336372,71.55369419124591,69.29393939680374,42.43242354828112
237,65.25333273699543,45.22410712981099,79.84064472554148,62.35861793950944,69.03039686648543
238,54.58188429861445,46.10234601966263,,85.60256143489147,83.34714991102504
239,62.394011334213005,74.35291172588525,53.06584441984609,90.82107827599383,98.83070818155139
240,32.83892787228874,47.91807721039192,72.19741049990569,47.34643336659906,
241,45.89567703717668,82.35188041,98.39838248893224,,53.16060565866892
242,61.80602506,52.10289433690707,32.46641866200762,72.47170935555137,102.83361796913121
243,34.31708644035795,65.98928547372569,54.018946560525066,43.18984177560022,93.66750694132634
244,46.188898451460055,69.60131288155102,81.80880285,60.84636459442661,133.20500955540257
245,54.06501572560594,44.76383515351017,74.32971268974482,101.83630827885324,45.16797181
246,31.05419670241232,39.138398448454424,82.10038587647017,101.51443773700149,
247,36.78610243335897,64.243248,61.40689950740427,39.27025386,120.93919155977073
248,63.820842349975806,55.841375546513035,37.76167965382599,91.80322517905195,81.10722383923012
249,50.597946062901585,67.47673511826306,103.42985435733318,43.24281557494636,62.59632539
250,,39.81512881043041,91.67671779821794,,65.51817041486979
251,51.82095595894848,54.64864248141325,69.51643685157754,77.56701755769106,113.54371962910261
252,74.55896436994846,57.272435376121464,53.166787660580766,98.81938426207813,43.55735924
253,54.38732283195344,23.43795395339111,60.188648507173234,75.63530025006976,80.00308808524399
254,62.697789404348995,74.93185906,,54.65343914850343,63.71791501468193
255,47.539135635096926,48.63837232325862,64.96735466628087,50.40146148432085,65.97192828911125
256,52.10729608418338,82.48742012508885,69.71001670969896,84.19971669,103.24802579499703
257,56.41870777429025,49.60753923128786,102.20274408351742,64.15501327514856,78.14121669418648
258,58.07806458545306,52.18009896010573,88.47350426599043,,96.99102234796227
259,49.610090636139745,41.37131822159283,46.58443062666727,104.26161483689921,52.73978352180943
260,50.02744389691948,77.19919096632893,71.53838004550724,90.87244827873475,114.89695771393002
261,55.01919758,66.81242774265297,59.5927298,119.67239608970797,96.38022048425353
262,55.01263122150207,81.00203566698761,75.95886251,54.54506448307676,127.14023903006611
263,39.74941602410961,56.88976509842481,68.73337186982316,62.27021318092276,
264,52.24961151682737,59.374263798253814,129.3539755753348,84.59218323447405,103.48687983253629
265,53.20773927,34.76980152344507,78.58523315071886,125.46993774791125,113.50190749063493
266,,,67.31631987666401,60.12836534885129,102.89685104114724
267,59.05926832908695,62.55747982150934,106.8601211466698,80.96026615512099,140.9336757220707
268,54.12744623221957,,74.11098917705161,113.03075231894802,40.10345097
269,73.30649313469144,87.3590621,39.62551407839314,81.24802537852798,95.23952753693402
270,49.73986487595616,32.23579266,67.51106040795968,105.5000963659041,77.82436740969854
271,61.36111084032715,63.44182126205817,82.27406494744108,128.93723556714318,75.66930435329722
272,55.391255715308866,54.35644085854041,79.69058965796604,87.37809590757102,134.80603529469036
273,69.21439526553286,61.13255389857423,,91.46201559503459,71.39363596519827
274,40.30019242564394,61.54074376965341,73.07432937422304,98.57362657,115.58479537553926
275,45.046859951998755,57.13223156624649,71.66221943129328,57.390712552507395,58.377487404119776
276,40.64292548530749,,41.95049396619616,42.960831953153665,120.58540314158645
277,49.22082395,40.21834214240752,100.5684451572433,83.96130978990712,89.32644815
278,38.752756917924984,56.02632323,63.88792839602135,64.37176555438585,81.51718452881317
279,34.73916092744787,38.690737544775644,50.40930372755354,,43.897363554234715
280,28.66576496781228,58.306435812976744,122.55815776397017,87.85742900922853,81.57952227452705
281,28.02530391003282,56.199458367916144,103.60171376485508,105.89528508358819,69.39739102093569
282,56.563916905621475,23.24947047,61.04502155485303,49.95877750380488,142.42987666892697
283,45.44561750327263,89.00419614258797,32.386573114891476,,91.54997207107229
284,37.66247939104736,61.15886499218879,55.63057157450935,22.531042881095374,72.10510778943114
285,43.40920368287731,23.439147897381915,101.58271192519807,52.00974639514327,70.83459904
286,44.72097052960855,63.70699398313281,73.53426607410718,95.80596098354366,49.203146401409505
287,40.35399789842782,56.94916020972706,43.01127306728024,67.43596457228774,135.66837391967528
288,66.05550494237272,40.23351465418994,85.67963084454993,69.84245638321731,127.68837646548539
289,64.16828902814274,64.63954411161389,65.80283943,,87.99242671
290,65.88489849,45.86769217215598,57.02596064,115.54887517826113,155.3803619713699
291,51.79196387688112,62.89548943248671,58.54319040800489,31.955763087614486,89.60698785804438
292,52.804644869391694,49.47735489916244,96.12785016273759,111.21765906744653,122.89299385214528
293,43.47385942615033,46.41631323780021,80.93272696708158,112.68650297853429,106.98484068605401
294,41.52928893771277,59.76699227946872,40.278846263806074,67.39065945096598,72.76506154892303
295,50.217255817542046,35.668605327442975,77.34377560233904,62.62787982529059,95.47077053240733
296,56.52356025146685,58.76194161584825,72.15230159,77.05073308758244,101.18172081767689
297,61.95768151859397,69.85880667019485,61.59184536818513,62.095707434971956,50.87197876862821
298,44.540108569329895,,62.646377530814405,88.61941426132071,
299,37.472661512296206,76.32852320991213,52.698951398318265,91.87530626,124.22833597059858
300,57.33984986566273,80.29995774,56.74947256884546,41.15226188556587,69.25409651379378
301,31.818564484707892,53.17928960655576,75.79446897072103,56.99109561322406,83.68735301673239
302,49.60789431011394,44.63046372742784,64.44860185992616,50.37152427352814,56.71189257670912
303,50.893046258133765,72.23034542405308,80.91363276380672,85.36718724243799,75.51606472307441
304,46.21212198766082,52.24659988517645,54.30040735112266,101.8083027350842,77.84389797398497
305,34.547548914904375,60.09393420390333,84.14989232741645,53.16411265,137.3448745408079
306,46.343889909787826,71.20300516253072,96.28889148912319,101.63190265440826,80.48430392553576
307,66.42542451001617,90.31646655580778,69.86432720001356,,74.09036243979021
308,55.91721601366416,67.93200765177072,80.41253220549835,97.96554899906579,87.18130319714777
309,61.617146020295195,63.07654473675978,81.19285743803134,72.90671426185219,38.76941876589465
310,37.82798172817743,43.18333674014448,59.95803952782677,68.95748235672639,19.23858454932663
311,52.557079322773184,77.54033135,81.26729935664096,108.56126343691788,48.53654286170663
312,50.88340351699563,66.12964291182159,24.63131133942688,,99.72308854779457
313,51.07705451303124,54.79287044753355,16.668669156560128,31.456263960870622,89.91969282569976
314,55.55845933,53.243724687908575,63.41043472024768,94.98589199436041,116.07315364183751
315,51.47322500956581,53.89706068589985,82.66931618100787,84.43335605420735,44.388869029368585
316,38.10540926500576,,68.29893339,96.44706268750893,83.87810411762217
317,56.13254048985397,38.11489490294794,84.91747257957869,44.03714339,42.245338433077976
318,58.408842797305155,78.27034207079465,45.965287017027265,52.89198361591315,98.01961528134416
319,63.19478970626439,75.52010095958182,87.65678799958785,63.21425687,48.663046
320,63.63652843917599,57.487674726893125,102.57625228828445,85.32664421753319,82.69895109127378
321,54.764330668573905,53.93025775694762,56.071789701882395,61.68365623831436,96.19190669031116
322,38.57162891902763,59.652334428227086,85.41997523008662,71.92442777015664,78.26402449796161
323,34.70616165785404,62.19842738379809,70.45636627660225,100.76319806374019,22.14149085739423
324,47.72906394,55.498549558718736,78.83681089871669,131.22034047745836,139.86998234564004
325,59.194709745270124,74.98627589974345,102.53623133402178,98.98000648382967,75.07872380871399
326,58.55035068,38.638377434871515,,101.48488010847197,41.71478107729783
327,52.73999262263179,,85.28884241994034,75.45372388699917,112.8358800238762
328,49.63440761208782,71.62862987796089,44.73910717640634,57.73491494321445,113.95709202814587
329,69.03735224,64.86414813718305,84.67281571905563,71.85105018178723,80.93457297898254
330,55.74031875881135,49.806881243874344,102.20014301708255,78.55244371530381,136.08744676679234
331,49.127269231071715,66.00702700045545,51.529987541735586,50.99655463076559,67.77912187
332,43.54558976333638,48.10559332370359,63.53953708703651,100.37801713632027,95.26945764884927
333,,55.348262538311616,83.72253268448475,117.9862633642218,105.32404918270274
334,38.92935985409856,75.65578418,78.95568256,83.06054811793112,135.4199465536953
335,39.915065771826285,73.99625365597771,42.80544496,107.10184943125297,31.70071870858399
336,52.809521132587626,64.32355136645886,73.29822744823682,110.21080357613636,158.75416733174256
337,49.81930339469125,44.23276444,63.34636389538084,54.13374441639728,125.21618099477635
338,46.74085237709541,54.33517274857846,50.62689735405795,36.55484916249649,103.48367983632093
339,57.364779351019564,61.446984642140606,97.13449736785341,67.52460412206038,66.01043242
340,68.09174934172492,81.83132082,70.10920755146479,,63.48993753949078
341,41.76653064,33.26445849535942,89.66097306,50.09670610567085,98.63493985351883
342,,46.91783929650211,46.531739475093595,115.55558956695961,104.81399992344873
343,27.829476082865394,76.92905088183264,81.77891315042181,128.72003913126466,100.94603999967846
344,49.736691645302976,80.40250616690994,91.23379045633175,84.47992370568355,94.79258237868406
345,,58.95429394083299,65.15702799291476,55.45506688984962,102.95888291347106
346,58.92790245214394,83.07601111834866,60.05639781643695,92.15738371264288,24.43132219426387
347,49.13187276,48.999432683678556,43.91456517974369,55.37649276620277,82.01686758283466
348,44.118907022044986,37.36140893904571,52.638946417974466,108.57733872552164,48.50304610034661
349,51.92685742305087,71.85345413518692,60.94733430729018,74.21421021882513,88.78384089606459
350,55.57068359141653,79.42057364418291,50.48177659686682,98.18132140447722,129.19397088811382
351,33.82270940875165,79.17043787973192,,102.54743152473975,62.73939327974661
352,60.068909907320474,47.04833090681132,73.16193832809418,93.44895034600484,68.72131290081788
353,63.063027867151185,62.99069794228502,75.55576397,124.63201824429152,64.51449506273607
354,55.47455140979926,72.59727070440066,91.81690041063541,84.45682790241052,68.52278683427366
355,40.65444939718079,64.51466569847543,54.764532922430966,67.42011707626766,106.62158102526398
356,46.739734615180964,81.69535063719215,70.46370422269032,27.445261221211496,113.61591541514213
357,61.82874495722231,53.924312141980856,61.64606454920197,22.900969393395236,134.0760204038076
358,40.21779146345601,58.94076284517736,60.232695007257746,96.30095263,59.84611795306409
359,56.28643707765191,63.54285692258246,63.67721540720688,75.40389853322965,110.51818561982684
360,49.49227990726841,72.48831208854301,66.07649071,59.61510482762518,
361,51.601932495069725,57.08310403197296,75.00792532592125,52.15237077776399,139.59889046385533
362,41.642285226751895,73.91151215900113,63.39284066846251,98.52385841678665,62.08536196
363,53.30664285102142,84.06937062,94.54661260103538,55.41162385134693,29.892603753846956
364,52.590757371143354,52.228932713974935,35.91199236624196,120.76652467855392,81.67842701336119
365,34.906414094333854,57.53010930435145,91.07907250978569,138.77466539336513,174.26062351315252
366,49.95556105449631,74.51639387664231,62.62992668115923,57.49907970016072,57.14211649041475
367,56.13897157079976,88.91292561205614,66.22334167,96.74562863565588,104.60774841635639
368,46.147167497036065,69.53938928,69.80769043272713,91.00053983772472,23.504142102749924
369,25.522694488955864,48.20645594948678,84.11284086511942,55.308779742943614,144.44519753758357
370,48.85183275102063,62.97258404584676,52.39416882061447,55.45029808276321,33.65386386589287
371,64.66467933,74.40290027648237,56.862815455610026,,18.266112116607275
372,46.55530510539138,47.81147149,80.01119343795295,51.54026420776742,92.96607267395505
373,64.28651082857209,43.82429694991038,36.03642341249485,107.28142402452899,93.55108638395087
374,41.87642443688964,54.82525475165567,69.31666738219495,73.84723715355469,132.57868350398178
375,38.39029354273018,69.89450322657888,54.045406590200216,51.98429084,115.48383971971714
376,49.94897362177411,39.46178631236921,49.835416510902434,77.77526602791585,29.982717649114015
377,41.77421632264598,49.60381818,37.23072303,91.66058252,85.44391384
378,53.298577378605565,64.10489828,85.44604110138071,61.88880804887651,69.08732222465864
379,46.274291457346294,76.35778130473224,73.17651798419301,30.172720201176766,49.948430401754116
380,64.73917045,64.35316114643153,56.554375945034074,83.15919426905835,103.01017741746888
381,45.58332528782704,65.62027175899036,66.70884180658862,49.57500918013094,121.2894288741453
382,50.8973696,75.07382578574641,48.14235371491443,60.156291673884766,65.84112562031116
383,55.96335728443669,83.95886715714468,59.27628313119001,91.72762924747697,80.01449204994617
384,59.56316039458048,82.28267830298209,66.03307328163883,65.30252760865972,82.01441303068906
385,,,71.27900950171623,76.47220533001918,
386,47.65136732359002,61.470868687018154,77.84127223949885,116.32627746593151,77.17847893028808
387,46.006919008619164,73.68773797,33.882951720022795,71.19906661611896,70.14822480413662
388,,85.49680097,77.90351918449625,130.5329035642527,93.73902606
389,70.41711491414814,69.61479916777851,35.49007557613241,98.49786611837558,72.40671845549102
390,53.60964097233319,47.11220553209323,78.63066957183166,56.715642454756804,102.81277382286709
391,57.518080657722095,,65.73378091103088,68.09115964,72.29674782
392,55.55728874912621,49.51452358605876,91.82919692825303,48.43392787398618,109.40221736093062
393,50.495348828759994,64.61278321875913,56.510538212581835,95.93640999825367,71.64946258478146
394,53.50352580503362,52.80266922563319,85.61680020947428,113.11286492721277,108.17208845682603
395,44.40337550815748,14.33006752390321,46.65213550082353,71.04015400972766,64.54226201043177
396,46.97901349260506,42.325664791073436,72.11775735186143,33.465131151449874,116.56087627833844
397,40.497941996371175,53.33626317721307,29.23998060895223,89.01174424909864,36.659251024768245
398,65.57243963723559,39.56276265117684,87.66125922407562,58.45042758570713,89.82461084850455
399,55.61481009896353,41.79705827863798,104.53746806679092,62.233274522198535,72.98547029605143
400,69.7617258,90.76455945736043,56.03555555052497,,88.61456037
401,72.96383245945418,59.87067158753405,72.45261134,,54.42033640224874
402,35.95843760382751,54.20827935932262,78.87675849590401,98.48754320300966,84.16209190798284
403,59.85228372873037,70.01015141588056,38.99490006,90.73752470734544,56.719390404868605
404,36.42036322969565,77.19104133975577,55.01786606419512,76.06869744,82.8548878
405,51.774174884644495,93.60923496682629,53.779803627250274,46.989100958609875,80.06544186678721
406,53.14729469859529,85.58059527045162,118.14127300870595,88.69855292496554,99.89768420352817
407,37.12833850892443,66.52213244437506,90.91604729,97.94324912,91.97427940249636
408,42.624816644588876,37.007881494851915,65.65834270167797,65.12294133601031,146.34907180814858
409,53.60351475776344,44.96276427889516,85.58081488068015,70.84091344927218,74.70195733754998
410,51.76300699,53.972123299877794,74.22499035417438,,86.02114071686883
411,39.81628436865482,67.59844808,81.86074547859496,70.188112,185.5291970582835
412,43.01968904060296,61.41474781917647,48.92971677505351,73.23598378142437,83.29344210609969
413,35.08559711516091,37.90459892132326,97.46752783758666,77.79000470016024,118.59664106751828
414,37.97076454176864,35.223734584942235,54.64519217459318,96.63893957348553,107.2964958435799
415,46.28579588486525,63.885120803756095,55.68055949163135,87.33328010595567,160.04338560873686
416,59.87453112697682,61.800608255241315,81.80454364,85.48157501119995,47.08062847087097
417,61.14233075,56.85184698582735,76.91521503486932,117.94673282505701,43.66257849643429
418,68.33436695380063,67.24389081060139,70.46313472141217,69.76202691555798,56.46361135822247
419,54.24264185156046,78.70218691341891,86.79200167080081,56.236652421982946,95.18337327061515
420,51.88283067716693,64.65103404998736,46.77889522492825,105.55245136864875,59.89793059998008
421,54.95146340996639,45.875244678036054,106.88707093350742,85.77329,25.996744212823486
422,54.85556017229915,88.72829453504922,59.986895639084814,65.26884508599873,62.26927094747088
423,33.834863994713004,57.355372760649914,68.23177726,71.00336465550583,101.05750021434277
424,68.88873387554106,60.74996449,107.1965352358522,48.151749321736645,62.89213382941053
425,30.69061018038064,50.19512942510555,55.81119919686401,85.79200456970382,124.2723640519402
426,61.48762396378547,43.883796770050765,90.46085005045362,43.464474100693394,56.23845783784468
427,50.56386978331701,45.10508469642406,65.71356143604704,97.05070144076991,90.42431838075302
428,39.10502807845213,41.80808629397163,53.16330862,66.93998211614269,78.27224707787576
429,55.31374430071909,14.85088379664127,62.325216152690615,45.14922995729998,95.65440475477502
430,,57.65610411714848,81.32560393544391,107.43121966728046,98.66562446803907
431,43.17462003859177,76.53523283243645,90.2853266,136.4098596944994,137.55589036170943
432,36.185223362189774,45.23531349859953,74.51211839835668,,
433,35.34492871,,38.04112696229625,72.86447909306327,77.37701101761839
434,43.89088701,80.79566711,82.71063299323652,55.99829137957325,108.38588220745025
435,46.13011882,59.72664248293918,67.15736330768138,86.54586530262797,112.5074491015771
436,37.894574671611984,43.333772674330746,47.95034466342421,,151.3489763622422
437,50.38480147646962,36.043531780805644,76.92787240698935,80.17232878739098,85.28600261334357
438,39.31863797935479,58.29474487216344,92.67679037294235,102.38594807483511,87.51254841009866
439,53.60220720175901,61.021809702731986,70.13437895994389,117.84724219260161,129.36897888846624
440,62.31379321271657,56.934193288103366,88.46665383578522,48.507794983582826,30.04437971200374
441,52.89374316196075,76.03984680438964,79.24792069,87.35123254297686,83.86086054981742
442,49.06165209019565,,79.50608589653352,32.41670001441939,110.8299952105217
443,44.65102962178905,67.09010837330285,63.890260978947275,59.64877987937915,121.41638474867273
444,64.46098618575219,67.89698959881827,86.37393077654681,97.99659894875354,23.719455442320566
445,48.06484282474267,55.26667106711556,88.28357690860598,78.82987311532577,49.85197285684221
446,74.90223776779726,59.92622887400062,85.85335680427548,39.72753951083698,15.219293359979915
447,38.16964155087874,66.17450180111025,63.72426526552501,106.24777910025995,116.18817031576569
448,52.89907283,55.24892755850803,89.70159538977217,66.41915526545903,96.13370064153294
449,64.12723609968756,69.91270756199174,77.72629009619024,101.2721807189535,132.57041466472722
450,43.09863668082394,,50.55349077145872,92.81704936837457,90.87502318932567
451,47.63875650024511,49.016965720502604,62.37015431440106,59.171805473151906,157.22952157932542
452,56.261465078264344,,59.39182051540736,101.72265294576529,61.70908963220866
453,53.87890246397786,49.97066829036801,30.242062409769403,87.96541600498648,78.98582591664967
454,55.59699064220976,55.69073662064995,,84.37619208172129,102.38491337089387
455,61.60258474608265,75.43636705030985,132.02373435366036,68.29621939910703,68.61738630876347
456,46.53245885847509,60.62148272935489,94.16695803761871,52.431899013014174,102.51498089468515
457,64.37025898,,73.25718649238448,69.53299840487423,86.68041951142355
458,32.79985050600651,38.97059299139661,59.683625387418516,68.98879133372463,84.93233185314952
459,60.77437545585671,53.760037066236094,51.49832513541735,101.29047421831773,86.24151246267559
460,61.47205688,72.51601544966849,73.01290757637518,38.775386048764155,111.16200089921986
461,42.25529623945959,81.04465417,,116.76787224917146,79.71328855
462,35.49363824023085,36.13852504595711,56.50835096,118.13988543887675,56.401594145207305
463,47.67832595440257,65.58528696705089,121.2852036,63.974904936907606,92.01506989
464,54.03803130829264,53.97191307786113,42.32013735,115.03934526678782,70.98252460330178
465,46.649009883095786,55.13668822614726,74.4899641,54.86045282286412,60.02364706221539
466,55.019421879571915,44.03637182,71.40588697077796,108.17813867100551,38.070416606591685
467,69.37743763269769,56.69905128820634,70.13252840822179,59.508523642506866,117.93396681263113
468,36.35288060632692,43.362308101695575,58.622901955258264,105.83592227218278,109.87496646893132
469,30.458948968142174,56.01223615,71.64932787,44.06516924723099,132.22238753894771
470,49.307023464837776,,61.004577164949204,107.07130696289042,90.08325149496069
471,43.19831423692452,69.46856279984051,95.75778804425084,112.21451430274038,122.35655238959075
472,45.19685081594344,88.70627416033469,102.4154816681789,43.26067440580134,61.68996555062475
473,62.66913149490889,67.89535844552996,62.22913501233914,123.93148607440381,32.75662825052075
474,48.79383675172527,62.61777104245212,37.10058646850012,105.46241254311977,67.45032329668821
475,49.71004579205302,68.29343411268577,,30.050198044245384,83.82169014869204
476,45.632024557572265,48.36302746,75.63188820027436,67.75099327550326,100.81367032292414
477,49.611988313742145,28.709574768588833,72.10424617768908,105.94004514201879,128.4256080930876
478,52.68501462,71.94256727196108,80.65905442035667,98.07779029621362,99.66241138142945
479,77.84588199181577,33.07006372894399,97.63055622487742,82.79468924693194,
480,52.79657484,76.82401582946373,,103.1991162474819,93.59460070893597
481,61.626951686895154,71.26220615012724,80.6287064,58.14927044541798,93.02206350311974
482,51.86399585144652,47.25718281,85.07831089414859,81.18407350535087,100.14607916613723
483,29.72210669686705,53.45865505316607,,58.86047004493284,
484,,59.82692090813799,51.09118113295426,83.37023150305554,100.93765513400069
485,52.78910718,46.167430238694934,99.0091283,105.02577395063933,53.03244014775291
486,57.23414543783387,68.10780284023456,72.05167137686394,99.53901199079021,115.56578245488052
487,52.10228591578526,69.43004672373289,51.08121469559184,85.57224343878089,165.17055953107445
488,59.20351399771941,,47.44042368976529,104.7423437648953,63.510480554771675
489,35.40015201820805,47.653364893267295,51.64401626999988,107.20445034391784,88.76284453088442
490,50.48792475617186,59.447897310404585,45.34588958942932,124.93307178656431,48.81627475862147
491,63.279630346854624,77.10870496455586,83.37768853341112,109.18670511368968,112.55763928210916
492,40.28440002724058,69.78427493472043,,96.41057545194445,112.52881682246633
493,61.20591432,25.036225477110193,85.52009488085416,103.35228386609498,44.87899904367729
494,60.68907459285044,55.62008733426259,93.38947239833756,86.08898535690965,50.626435715842234
495,37.62975347478057,67.09010425505166,88.21563833892259,73.00126417516644,27.55006413529003
496,53.37878561109787,48.00060273820568,82.68046812,101.69022067758817,
497,51.58813991668424,46.83881467,75.75058240306444,98.92810839312638,
498,48.236373069375475,48.79567975517546,66.19273873363883,87.29888182,85.97366395712368
499,34.731107777762844,55.38034312363324,67.52707745532172,75.13514514600911,79.00037842
500,47.369402638653334,45.31359868985369,81.68726978092354,73.74865359882313,119.65344065537623
501,48.43704132658633,69.89895555,50.77369216464764,69.78223680650503,109.80667315195346
502,33.01698714220116,47.08947796332015,68.92230497425231,111.39269563962077,108.2046277410204
503,36.94848362965025,44.45761887027125,55.14315616944721,109.46067396219141,65.63831424367991
504,40.73004606549992,54.0196215,93.45964157150922,,110.43693827803094
505,39.51718434751528,82.18374831071374,84.34114653825506,53.70353519387815,117.8531217284268
506,53.26270371056102,67.87919802736174,112.74908891151155,71.01772901087455,109.5509110434208
507,59.11510526864909,68.83295751676106,54.84597485519917,73.56521813005618,51.328136051158815
508,46.894568531971096,64.29376906951164,56.990523732360614,64.84638824599386,56.10769002806142
509,57.66289567508932,45.79528583200531,71.15002200488577,126.56487746502933,142.1137157
510,59.52488460484629,50.39901324599215,55.490830148700425,90.01161138873358,148.31837691001522
511,49.14707056955342,47.850061034199214,80.75239607039178,,
512,54.08043743196179,76.37340002827943,68.98093746455538,68.35199161471067,87.86186302954455
513,47.76654841829172,64.43005096924165,60.229385966006305,101.5522996787035,94.72244419598657
514,38.771702458048125,34.990414459569436,91.75209129228824,134.78841899156072,107.37012101940446
515,42.53240548455197,81.78979617577039,33.008229791172226,82.02377555990977,46.72490687029443
516,53.26148160657895,55.02072853333111,80.84226353677835,74.16212996137835,96.91256503091003
517,48.78670460381632,69.80067021780332,58.977350642606005,77.73537143028803,
518,57.37173013109838,75.78506910069626,86.33512947847356,71.94870174263221,89.39275575934533
519,31.130129262173938,21.568969748147943,91.12511416130594,79.92834838899883,63.48509181513406
520,33.53428434301935,66.81896560919918,24.472989258948758,64.71314970877083,70.55148872090834
521,34.71775146643548,,65.76755242491556,57.83627924775995,95.44762232123476
522,51.66653181103875,23.671620040774833,71.16383255973211,79.46902356057485,71.4808899
523,36.21896901660958,43.012093612114455,22.84328513600454,82.02746509779776,57.03451316997948
524,53.20129164976935,53.18087187547603,74.55501654,73.17213592404995,133.60527905865078
525,57.53009921064145,72.68477065,59.43894185091204,116.4244571549082,57.46371669025785
526,65.16249773419383,57.356430749819594,45.88545367538167,90.38726625785114,20.686297834345098
527,64.05907551640276,62.221819715086546,56.99021831821984,98.56145369547973,107.06294388749276
528,43.045803456661716,54.65807455740268,53.53372727093681,99.22555864459342,81.3096027
529,33.30362006981784,76.31856411458733,58.58285371255375,82.61614865202188,
530,43.68058001689914,67.81546734921298,73.70246781905085,85.46628662505826,94.74549008390788
531,59.76835746936173,62.44283222676001,89.62493060128861,58.495807703959365,128.11964633077218
532,46.103099311602755,42.853004982056135,68.44328100352234,96.39957115948218,145.91394599705868
533,49.75679409961271,61.797591226965665,92.05516141323977,71.66713263,97.60333947265467
534,44.42839256,101.72807708068868,49.08085032218827,64.00621545465607,54.728188148926435
535,65.81202764919685,71.92900929748971,73.05778533201286,112.54914968487246,94.37890525253076
536,39.85539235180791,48.90985824551272,112.13223096352147,46.693973655348024,107.6754645111078
537,50.66765539731313,87.78689835320095,38.18870473650087,122.97689439167786,
538,61.082385610999125,48.249095678140705,37.424845421221235,120.99826640890905,94.11881626047966
539,68.41549476395366,70.71456061066526,95.59943406666977,74.44397323719132,73.1837676
540,43.05197898461358,,74.41050264,124.62997696349808,62.79636738129132
541,59.60805866138375,62.73193629468338,57.96999917,57.791434155356065,86.50337743391789
542,43.677350064769065,63.28244577239659,47.40652728989001,104.8522236127574,44.969866563042864
543,63.77159868578717,56.28647360382607,69.28022794,80.41999089524846,101.83142581736878
544,67.29467051729274,54.15990438492512,72.67158180560762,34.84015315129584,95.31948436420247
545,,40.24748873155255,72.77054572,64.22472609788221,95.17038681314072
546,56.534635088850315,43.12471454684196,47.21105164948905,75.63743274936145,111.52880453452956
547,61.13286527771788,65.00945548917326,63.26102154742677,99.47515779247968,133.5291287621973
548,47.057326123769066,49.75928525769876,58.63834107,68.07293973541205,87.88706318863888
549,55.47714440193157,46.34985167317644,82.92887782793018,,92.30799827339031
550,56.00017260643353,102.40985850882029,48.391011458118626,93.52459555504919,78.91003956072473
551,70.09650135789775,97.34018137911858,71.52055546360788,92.20240004259594,106.54533719550662
552,30.28998280800089,68.71236141969422,122.6845283527181,77.70686035840563,89.77150997763341
553,49.44086498,70.82267607133232,47.02539042682183,72.42886432,124.65179003156518
554,37.49746598079656,47.813750384052426,55.054740441900556,103.48266159070052,124.02140782595535
555,50.13798077733433,42.221385920931255,68.12275093802407,72.28833374173455,99.48225020225537
556,42.17141997417909,54.894962608592884,11.15491175754358,50.265349413365655,87.61165681921074
557,47.45082781,60.00444831411824,41.46345085760452,70.13998876503317,81.80257657582064
558,41.25852661314475,70.69616339304429,76.213851,93.67041677099259,104.41099572362329
559,51.553674531356776,32.544952484002366,,76.26773471,104.49079977172566
560,60.73894170183496,92.20870751843245,91.09414315,67.43090194,81.79101780469759
561,46.27265212567781,63.72037075028301,65.23750323310051,48.629922472809824,98.65329677183989
562,64.30622205728544,36.73954949177187,63.47711673607762,76.40158347,66.77334174
563,60.43956808009119,62.362121930232895,55.942584496767616,85.69782124632734,103.52787358636387
564,70.34069018956833,46.46323705359412,63.143098437819766,,
565,54.11357012057429,45.41189855,45.768243636063744,75.26782165880567,113.16106942270261
566,,44.06397169238295,67.05068194070425,52.652608954677866,80.49857006581624
567,34.14762803456448,56.15271057271252,50.57486372221537,76.78054247,140.21532779304113
568,42.18312878406953,91.54073536131267,,123.13738405444266,
569,47.92097010500759,61.389980079661605,57.21085124997191,84.29283186,97.13894675699665
570,49.10492968838462,70.40834708894882,79.02305639477245,,48.040142846313906
571,,74.07771422747213,72.84511015115827,88.27825695361688,132.19629441530026
572,47.930232184435624,57.82865507,83.35213053108502,112.79535457985315,88.86195913117126
573,32.31646710729394,42.58469972337993,51.53527728660461,45.39858721900411,142.1851378961419
574,56.645703567778796,36.01887474875758,69.73607735236496,53.862669567064444,91.44731064
575,56.06498240269324,54.18821724499756,104.03584203077125,86.45871194,83.57619245193563
576,45.41070295560122,77.15904470072921,97.95029463814919,77.82211368369164,74.65579031176961
577,71.27670457752617,74.03088225074441,44.507262282890366,110.2792342591677,
578,31.033789452570748,63.845709420391636,49.831921476569946,75.48407368062058,105.62270320144384
579,62.49457099587865,,103.9494077856223,100.63618747473092,49.97896114
580,47.089032959219715,57.947634593314035,79.03100852505145,118.20258156782475,72.93328771130176
581,40.49582221720709,52.777770093180045,66.18539827191962,58.31026623061625,111.67452730698204
582,74.00398278,48.92724631719183,63.951766608878664,98.69180688194629,70.66572689353852
583,57.36696730291281,37.92824633547231,74.54919557211495,69.97846419,65.48889207051606
584,47.015613168019556,,74.79987010253363,24.61910623936261,95.88731550706186
585,46.812363111337476,62.56681451,59.33677741869619,91.90939594543042,92.61435008149785
586,52.75418835370214,53.36302116514352,66.73598984503886,94.98602588506884,76.08038145806486
587,45.380364840816355,87.31749803688722,58.63558326573834,41.26893253927741,143.02158997978455
588,62.99608524608804,90.17973646143382,73.37481019350568,68.65176961322427,85.52968151044197
589,50.87685393062578,,55.248648580753056,64.42487108,52.05017531216878
590,,56.27508827493136,44.64506852769645,100.24969365243379,41.43264909082441
591,52.079263449966675,61.57846159169139,99.50751527,41.270214160080776,120.6742838275819
592,58.698349991743385,69.76433883742216,68.60848802467272,82.66897010688342,57.07821758073041
593,63.45509751746475,84.93277699871658,103.94109319447973,21.50766542306844,90.91324678284441
594,66.80929832265699,,31.354345576332456,89.48774456938452,63.78067403195626
595,54.90946687620271,45.249677144479435,41.010539283930314,83.12822410501211,86.93665298649901
596,41.33452914358929,48.69930628848913,79.33589549,67.22598480017163,100.43960723395865
597,48.27417732471556,77.66147174083324,68.62534812826286,115.70743063727447,49.03374433587652
598,49.73862131,69.31552789731984,46.84619873891584,14.42125236064642,76.32895173078634
599,44.26791161921393,57.40634831264279,92.72990715,79.54612683520638,69.79229137682248
600,42.59845776996448,56.419798326204145,52.60213341538257,,61.038916011304046
601,51.74500569,57.40701692154522,93.97101406224161,83.22021447818521,78.73001642
602,40.16692361892269,78.58558544832901,68.59130340845145,114.15165369156378,71.28599123806775
603,38.22599509327407,48.165705808316616,48.60138868808221,68.73566346036719,116.18963957724904
604,33.05564168541645,41.798833487709814,56.62522962661723,75.82098732375167,68.52668718557538
605,54.80336694835415,87.25213160368686,97.44306055821505,110.83142329299969,103.52469835400032
606,53.41247978147977,60.375817080594906,64.04505929909884,102.36384351312572,102.47480949344431
607,46.75324496760165,58.810068612869266,89.44681742679309,139.9813327039188,44.966790251099624
608,59.942312757686516,70.06488179576608,98.00880169596651,82.57041968135488,74.82901453653464
609,40.011906426779476,45.16634462198127,68.39153500288026,85.00616064848018,86.69813544766201
610,53.80874107321891,71.25744001164716,65.53614094147592,68.46499812440766,97.96235556367802
611,50.54163360435479,54.25909141003841,61.900637248398354,74.89865532192056,82.90892030391916
612,42.593196613272276,76.88508805026012,,106.95163908481516,121.25742976262367
613,45.074575702034956,36.99398847494728,100.1186004800013,79.99336571056736,93.14237934742951
614,44.305040199455576,66.75999281949197,45.459272013873466,59.817712659650304,103.36543611192548
615,52.52753969061446,,74.38304719,70.59870461505564,72.23479639694233
616,55.93428873655553,49.43035052815002,73.51758853716544,77.74178536877935,103.80239253052574
617,45.73606168485406,71.57016868819109,33.916257806060834,61.43721828429727,148.09168817710992
618,42.87895475882361,57.77517115719672,52.25068536039575,68.55102142109422,105.7975608866821
619,51.37222128526757,66.99019197235296,56.349177866247345,55.00514262422371,123.09046424008719
620,,78.98567881179454,85.28059065600476,69.43487996023636,81.25351553980657
621,50.34357466442271,71.87243466330924,88.77901822401643,109.1552287743712,117.72738012094192
622,65.61775484521687,43.79443297,32.492432001635514,81.20973488080728,120.34705871519755
623,42.96036729787019,51.87380617484266,82.78404165910332,141.53298484102646,97.36345862563748
624,48.23144839925051,66.88937020127833,80.19855969640746,60.90336517522931,87.75747189
625,,71.90815352360437,81.56773353,92.13736238347076,45.14738244099198
626,57.546733410751486,54.13565586099146,73.05491928595308,85.55514559,89.02846578705697
627,50.61839081724851,62.96780219291783,,96.26098780585059,106.95670418771056
628,49.41471473936558,,93.43041390905432,64.84827020023198,67.04271112091813
629,37.644424246318366,,37.32268672212514,70.78837072664513,51.89751198087418
630,54.91152821,42.31578944,69.02551393455498,90.18139453868719,93.05855036697595
631,36.566249875885966,38.77451804205782,64.91022508133565,67.38326858989015,96.91997759800664
632,29.348151278788098,26.111444796579022,58.54505793849253,35.66326500808796,49.578862762809756
633,60.08103069449935,61.58341643084865,60.909839052914506,112.76128887608598,91.22315074579126
634,53.86986298393111,39.53714659,73.73567252674796,102.2023766080821,98.69782676
635,58.79735695057864,92.05088453572641,44.06782483583255,69.57156747575571,129.63911097605362
636,42.634903460653426,69.81174081699395,83.41244120169601,85.45792982675812,75.70442594284219
637,54.66363966175599,42.27199591333118,62.61755858322318,105.17076357282673,152.59265145188704
638,45.609321013671206,77.02696115664916,87.49293359178301,113.60553081999642,91.61655662500884
639,46.72757347038251,77.06247454255893,57.60137659929695,82.60648273,
640,59.737541241895684,78.28086232388023,56.51772778037656,65.36601513806492,80.09443316305419
641,48.50208706798604,47.87892456742793,51.09073307655306,116.60671138887571,56.61460889838395
642,43.03614207907184,70.74081502338261,57.71290781428986,82.36798135284093,84.98286323143766
643,36.344815778884495,78.53500929013997,53.97140249,76.32004983731031,104.05399251033502
644,53.60689375860464,83.56285724635799,78.69494378189309,86.58033075904827,98.04565692
645,60.594761674268426,37.14385747550453,90.94214639369763,108.86816799338007,56.09624267840274
646,42.1687161,56.735488396356615,77.75736179367033,79.03003213895961,52.365208423882585
647,56.88978935,47.339862232317934,68.45155270065506,104.64998167340686,102.5816712
648,40.572213512665236,87.96186397638172,79.73774888222057,74.78644613748394,109.3229693990784
649,57.493023032959854,67.36586000781698,69.27160753,95.22638365610382,75.33208513789485
650,50.329144646614566,73.36871706573369,70.57146689916958,56.29779034055508,13.869834538526064
651,52.67836173,67.14533033552422,63.86722123468451,106.74023531141385,55.24802919296281
652,43.025896516877225,65.62928376610286,86.73182526239093,63.098959897422816,119.58901105985038
653,53.57550863,47.05067818559869,18.68136865306559,91.48217744218404,67.84409137243838
654,44.02312758665358,,27.343039336043525,42.83579434350171,79.58303925293217
655,45.863265078650585,61.07273046751958,90.54448871509027,80.62035828,106.60018960132908
656,34.82372353452156,,66.06945731890592,84.70307979653694,80.81189973578934
657,42.27847839,47.50242315357382,88.34467690395364,62.96685447644094,131.92268582469384
658,44.745046970754665,56.914840905808305,57.838427088957076,77.25563402249558,78.79690426797472
659,,50.92283986982854,103.48488265766102,86.55252091294453,64.18039565559926
660,55.956557755778746,60.747256352661516,67.26962689280768,94.08171631362319,125.46816609052719
661,43.92068223577908,53.35694378299423,78.98783094120186,82.50357771412715,91.43418280150372
662,48.35555461771065,49.72712011,61.05707504235438,113.3110957019575,57.64806454388971
663,66.86385264,46.08563759529267,52.05736626,108.95655738950084,104.15473118056092
664,51.31108563084835,60.091438800684614,35.18142839859179,79.23447171507942,81.17018509546477
665,44.631075555960976,73.32447410786118,85.71408112526717,46.741728676332414,55.62408128705113
666,33.20351239810708,69.76307330918408,77.90835150868485,67.82309462852865,92.85347318938028
667,41.46077486630773,37.09634722366647,71.87385159889037,24.271852598557835,85.25710492912465
668,41.071303819228405,72.89626141516362,47.22768332437346,75.42175347,39.37743360363848
669,69.77873720400379,69.65713547930089,98.30932000168968,115.04383605760086,58.220280145778275
670,41.515424777070095,73.30910109596188,72.11745187,99.77521774433046,145.9603699938374
671,50.51042928338246,76.25418495454988,84.05777660271647,82.08776375,92.43928717071154
672,53.70757558878875,49.085192643254985,69.94025659590322,61.81339235815183,130.40011429187203
673,,55.50295849560272,48.21156905603445,83.05760725221307,99.26454600502674
674,50.080242418592675,86.85695271160785,89.84872722370248,133.28068690246678,127.11407952702116
675,44.89685492399301,85.96560572,79.01536889043776,117.1924650963644,106.6724590233065
676,44.23463448420116,58.851171595239734,66.37180052152894,76.24261848497167,61.610130792380616
677,53.56379992679823,69.04667137,78.67341064756238,42.95132467318306,108.20475337324015
678,43.15660542460178,70.35899807140252,,135.20240738822076,61.41668531986599
679,38.95818857261235,86.36466948,83.20412113959142,61.779001031147274,117.88107106497905
680,44.89495678169601,65.17920584907115,35.77347563181633,93.25188343998461,96.53172155277814
681,36.75515658797343,41.815696517819546,40.19596430436936,41.03207836,
682,68.50616584520598,52.85991107253704,84.65698259344012,71.92288174514607,76.84406908140758
683,55.96552710071377,107.00304989314986,56.07759772923944,40.93041508,
684,66.20843843414568,41.120681139480844,49.027748031176436,50.95286410010904,85.27041963
685,54.85436036740489,60.75418682,77.44208459,56.882112512321285,32.70314494964954
686,65.24593030042564,94.70300160378679,48.42112185718111,91.92511317537611,38.572457493680716
687,53.67464664055916,48.00385137323321,60.41717574341814,77.59774560006493,51.921830441685444
688,57.26181320995336,19.096507480104925,87.04539699037392,147.80647767622725,
689,28.66280973458818,21.855041035547018,39.71716362870349,108.3449331315519,115.8075175955401
690,40.856704030238106,48.08679054354247,42.63472480608689,108.88727612193591,99.74993175979641
691,50.36927775255972,33.55597871415103,37.78007135902417,92.59168846955488,99.43226385561319
692,50.611877647898886,75.55751005893752,52.77670338630794,,133.3840391157022
693,49.23618981327164,64.02216160214802,,109.72643305156728,100.2854517623999
694,54.52995277090703,27.99244068002443,57.62424137490187,20.469468376597263,109.14328696506918
695,54.942029379299804,36.069736616120316,100.06698128651522,64.44472541779837,89.6775799
696,,78.60210739630259,79.10619504097033,45.98764244,76.16834958015718
697,56.68993521104138,62.89738583548247,69.62363896215652,32.89277034253726,81.59295209248495
698,62.040873995774945,81.50447016585835,95.34817900355377,60.782631613292246,151.52306457865546
699,62.122336174264774,76.78516152529325,43.383859843097405,51.30530980576404,57.398443123357666
700,51.746644488753645,42.742189440401106,87.33143047565002,109.85490224359052,99.42934786239869
701,70.81648788564306,73.22952098502833,65.27482726749973,82.29080071717313,44.53833426618089
702,63.593305349216145,68.44276599145066,60.893547120653054,29.750897254351898,71.68450349
703,41.93049095534464,30.57418569,,87.85103823271183,113.21478257897704
704,53.92603331057293,39.57032506157195,61.74982838259262,54.69516452587064,35.70114207388947
705,31.57381858084385,96.56505732642034,73.63807073375163,81.55738078106815,117.1421786392295
706,33.25801718317652,46.08539643099392,68.00178286,89.84304208747069,151.42630828317797
707,45.00505669664239,66.17281674499652,76.12903547,61.237940280506734,100.95481550455534
708,41.24555071336254,57.14023877718167,59.858391409243325,85.43399592846038,127.85742283629062
709,,62.75585927816507,88.53524719836327,90.05183566868371,97.44114237
710,,58.132528978406214,29.116421938093005,75.89322510607668,111.33266562623572
711,62.25290306,,82.81785110308844,62.00938513671531,103.61298779951971
712,,74.08486266529387,32.17520515046557,80.07856044999492,
713,54.13193736967972,61.76886851361418,54.93103616021915,76.51284831,72.00952147221604
714,39.12880580937878,46.43290434595467,80.44718110581904,87.91301945083156,125.44371172453442
715,44.42611879,51.46816738576781,29.72660857929415,,88.73358425928059
716,56.37183325407212,36.361204547935344,73.32961489,50.19950542,85.74683596517592
717,41.73883498459652,54.983560473607085,42.57308302264316,75.77477424847223,85.12538947285233
718,37.33083262436145,33.503621993341206,50.61860304594184,88.16694158433542,99.19220309518492
719,54.92317125604157,63.282707995686096,49.698523539840025,84.62838802035635,54.43438461423625
720,49.516373634154924,64.43997342986754,43.13333795442668,77.22684362130207,84.53569225303104
721,47.89080960192877,75.07877942477896,35.40779194849688,67.83467525741217,99.31677851594091
722,61.098019356523494,41.69871310128253,111.42374920932293,66.54143682056613,
723,60.88808084,42.71707048373187,,69.13643986456029,96.27695184
724,67.81117990739304,82.87052052784387,45.25155106541919,106.90400489780777,63.07120374668216
725,43.48588209993587,39.46904305572251,58.75752127114598,56.30373438343521,99.37312386948646
726,54.297335808900876,90.76824328528511,70.73322056782871,82.27473991760353,154.75535900740113
727,50.19008470557351,46.14154325218988,62.42610395062295,48.550053071210215,86.37409593
728,53.383158317453486,46.24637555879639,44.66316451466021,99.11830715422832,57.640993873244234
729,38.65618824215093,72.64214768570614,52.01536638838858,66.59668217469758,97.11251160084335
730,35.97526665564788,68.24087293046594,93.71432819178295,59.359676062956396,104.22630337446913
731,49.59783863771198,84.62305221891754,,,61.89231049539114
732,41.57487410025905,31.630437716546798,30.060582288587334,18.48129505158473,38.44559921
733,59.382076205512874,68.00453141707625,62.240903732985274,47.51307385786151,61.984218974138024
734,34.99322633,59.310396685447785,31.365672397209984,89.02272718150658,88.54944949567985
735,35.81799113,43.849079183490616,51.804531913123974,105.36515240437569,76.34059369112379
736,45.833375247511434,88.22209339501617,44.961256031737975,,122.32481851067462
737,34.61924994,63.53024698324636,45.136227170687164,83.48582409073916,105.51339221056446
738,,59.057263389411375,71.39059568743603,140.25960394839876,93.05957066888269
739,48.17082626063708,66.81009338390776,75.14113939287736,92.28500698861906,37.65122342168734
740,43.971992946359734,34.07468599330853,53.881967158822526,53.88717709005317,108.91207217567596
741,54.679640256263205,41.27090962,68.11235701388998,105.61654493078888,149.37531803127206
742,58.83848536020743,55.01068264693571,52.88558730492625,63.97413178977717,115.86919153243582
743,52.06958901084286,64.74602521191427,,62.29405906977303,
744,49.31908507107937,79.11951555067364,40.44672619992745,45.476678490532265,85.90942921002083
745,40.16527075295869,46.72618156201419,73.30481294,69.71463894740879,103.77240175507109
746,56.30909318921219,43.30063020502958,74.82161192350704,49.26262548868566,131.5998360793183
747,64.16703090186196,67.52139550130259,116.71958339705739,93.93561512585444,68.82746595464454
748,,57.961529844517095,34.91113813485265,76.86461191836693,76.03457565
749,41.51214499688979,31.180884029150786,123.1152089782533,45.976152180131656,88.70500338152253
750,51.814957675006944,46.22436789925746,85.13369221177315,77.97391676,86.07951865223433
751,50.02649894000555,,106.54629412281336,104.84578150828514,113.77078711923488
752,37.836476174259595,57.68694735,88.10530278504511,,97.86893060011094
753,44.97311300792038,61.34787409249847,51.12919581943342,35.25961347,48.084697283924086
754,67.88485767978263,40.49520659929985,83.15680012978021,60.54136438539868,70.29653896
755,36.52445132890904,58.034778817214935,56.686945210900234,47.76624252,71.16008181167693
756,43.093796465755716,74.20617565466826,,88.83877652120577,23.55249886530825
757,40.51286625476237,16.68548548924265,46.50629812090868,44.77723975298032,117.88910018155069
758,41.39700157808386,55.764150125411476,56.42604677724746,106.48087619694144,93.97275128
759,45.54523605840481,35.070438934278386,87.93953076611203,110.09232283523889,73.77961971666068
760,54.483821014612595,59.51652466857993,78.75913013697914,100.45296792887683,117.07830473805566
761,63.08562530621131,37.42822661841873,90.48460467854437,62.06781519485854,99.03988209520502
762,52.03321593928317,,,63.64201419577761,51.41636514115282
763,43.15618178836465,84.39954576,32.59118221141288,68.58381941,108.28777368619268
764,65.39915145890325,45.308113166934056,92.03431424338225,107.62687849674845,131.18889041769532
765,29.314364789958297,47.48338598258389,90.55345739375898,37.549193138018055,85.80309734947643
766,56.73478152812157,52.95222975850799,74.23074890583423,89.65310289674638,87.98852421496807
767,39.732413809712035,64.78023229844193,78.38451297502048,56.66378099534926,
768,49.49076822536303,44.71430593310865,87.30076290261725,69.51448078539723,53.463171701512145
769,55.63099927550725,54.29683267,73.63048185176295,,94.24259246
770,33.94623890283519,49.95764632,80.73334496,42.113841860864994,63.25507921655096
771,51.41653818251018,53.00208757895458,86.29645440496212,73.05648727785682,89.80423132737486
772,52.184770679135276,64.95616983544167,68.12971007297087,76.77907220299404,94.97674592223174
773,64.62337682,68.26595744,63.08810219859095,79.06519154,105.92369091753056
774,77.15149317222517,37.84799029776043,,77.42047337087047,107.02672231234206
775,34.47030194262446,64.89762146494462,115.29228061515664,93.91645712,62.16924411503825
776,64.17153683832534,107.18642380086781,53.046327154971294,,95.62840114250484
777,49.62119765860238,83.16337639018039,,89.13417342838162,118.68273189549667
778,41.91428760867902,,34.87178587230893,88.24597085157833,55.398498026850646
779,53.69053170255168,61.97855293095801,78.69606793845962,87.15171406,142.35309814025774
780,36.97708604313678,59.496326014144735,,93.19596723025242,60.82739022207049
781,37.57387366195972,66.89182078453034,41.99335310430881,87.05200997312872,138.8232885949486
782,32.64841361768413,53.66678122626612,68.72819029532891,77.75818352507474,61.35485709589425
783,55.460890101232295,55.96275246,99.89263130100545,48.276319134043334,88.31338803437515
784,53.27011825019312,49.03764073529226,,113.92967002001004,84.21285221931453
785,41.856163049396166,76.43157867774602,64.78971932115249,122.36564021275723,
786,65.23601813691647,64.66456820869072,99.11413856472585,71.01482135015995,110.94581099639869
787,43.370443101651986,64.77834073,69.89983590875852,91.41019628385611,112.48603146793174
788,62.829895941455725,78.27568718677261,45.84719393190514,66.30967802,108.59224162519625
789,51.22080877033541,78.49759792297544,83.77998378725141,61.994505445417545,82.54564128
790,43.23631676988703,75.66747049,92.49186589446317,81.38289528343255,68.94731077694343
791,48.850185967517625,78.04746123168105,65.99249632471373,,122.97469448568756
792,37.46257461103809,83.44002134621638,,119.88367527507162,96.40331996600851
793,52.16733363044271,45.50071289156898,43.77624332966295,,67.31140051574015
794,50.305500793637115,55.51982905432613,52.58825346326165,92.96929786,96.43611069
795,55.27447461,70.63422499185079,63.339207875057454,57.061872960800784,39.75891338
796,58.79152393084738,46.717056350318494,,105.92039134650094,93.23360018362698
797,51.156157768532054,54.55118393234657,57.60504541,8.944828074,109.67322525866632
798,35.236783452225374,62.91625831716715,62.58441471,89.77186642828596,84.61774819005423
799,59.32363332473048,56.54796698,67.52365813633189,107.44694844297968,111.32720429339652
800,50.146639667796656,60.99028124014795,50.039487873500825,83.78710636862144,114.39661416503372
801,31.059373889366245,42.81912417172639,64.62398205,121.4843095070118,98.25946670240319
802,53.09614803964639,59.43367938474204,93.11879932421334,44.35280811733453,143.04210004381173
803,,62.01036099271268,58.079552070016256,120.01739143013037,130.61867295353645
804,46.41520359069674,84.22506551332046,51.98138110301264,76.05720737910687,108.81997932642645
805,48.02163143162883,55.97055838676247,111.70248922554065,116.26956945508053,100.65383173810851
806,44.04734888603296,50.24604343866738,74.51204983438495,105.50492181148184,82.30888189321468
807,54.16126679515627,70.69416089,54.54323355781639,117.85176280137338,70.58511834775321
808,51.39991384992878,12.378765927997854,82.87001073194376,104.38663775107992,113.92457308730917
809,40.91771299708896,55.23977316833069,75.12214490141434,97.29837397547145,84.02540517
810,66.17970578788245,52.29429807431162,58.59627329703811,114.15409380087678,59.57727185466889
811,43.34196930674042,63.91382485210057,69.02096367383716,81.38698394,65.93523270856352
812,22.93481542185137,78.69339381510939,64.17121318105916,95.05854289793167,69.89430268241983
813,45.29325763740863,83.26921798352026,89.80166327987378,79.90955123577815,142.6065698
814,60.309375680363246,63.70421529378518,83.62684851309511,62.854169771462665,115.43483562203213
815,47.93467963450061,36.72474432833883,27.141108766136952,93.17365638,91.02827497972476
816,33.65220221915721,52.28720090488204,108.05817932397927,84.91864502248632,102.41850548421719
817,39.71908556150141,53.93174812586211,64.23366260519695,111.42435602259474,105.9008977759022
818,39.19013584225942,65.50823138703201,104.44726372103653,75.19364019463916,63.94225786944236
819,44.24713755,60.843698102406464,84.32102270526129,60.982713800367065,54.972986485670766
820,47.38295023539831,49.675528082455074,74.9645987,111.07523825404175,121.54627533558825
821,54.938546089339525,41.22527337125296,68.11674812799632,81.58352717708857,49.50831269869683
822,51.284387049612334,46.97134650535362,125.17554495622083,60.219271529023715,89.47702517
823,,46.41979675,64.56700895,114.72614966839058,68.34814533394753
824,67.79353125760977,84.32365490304093,56.573377930707025,103.1690176888804,96.62970743247152
825,58.60829340314918,48.45512090540059,58.373819457653056,126.22081246912154,82.40843756004423
826,57.72804663637301,,70.02118335923643,71.47713492776583,106.01947218096467
827,31.868380539021633,74.52662112521392,69.98627506451035,67.97960531,20.66508466
828,42.48194402509357,62.92347429648977,90.08047944672877,52.83570974873733,123.62010670770968
829,34.02976004225124,43.709960385821496,85.16498068423925,65.82737459282924,112.0615138970503
830,42.30947192154386,74.77627541698931,85.18981372908014,70.34099682520313,120.34636082563726
831,57.94866712688109,65.31280679555059,65.43524013696737,97.07503661336366,116.8916222
832,46.07171446082374,,83.53044216022491,56.765755018515975,99.41394290210577
833,60.72441595159924,78.68582154,85.62593285363425,63.416579065264024,70.75952458806873
834,56.931352020628275,73.10069554655028,68.41347763029688,122.41643258108049,103.1529458
835,50.504527733720316,65.07750729645373,75.58400297445516,6.726718994,98.68610509931547
836,60.96046409420315,84.52145228543316,85.60062785650092,92.00651481968829,116.2968634439533
837,63.64416009769817,72.75701555268839,74.22330602018064,47.73958468061505,108.64949585604211
838,,76.91912713159316,76.13156550296935,59.868696525028206,92.82691941912553
839,52.29967113622129,75.54602386077798,98.14190480829558,115.58404344076243,102.99384682267016
840,56.333688092749625,71.35565986116023,74.38027046950327,81.78941360741821,
841,35.93413312627591,33.13675730794277,,146.42690215713492,122.64990248156715
842,48.82428536323935,34.92799113099571,43.08639978,95.67031568111963,142.07642698470536
843,49.76009490283607,72.76260724264301,72.26301907933147,59.25815313085744,107.91246347804847
844,46.312556891434355,78.47476108612695,63.370657467035116,93.94347549161711,105.7911940535961
845,42.10504205268644,49.42239903647372,86.16627861993841,108.24931038476677,83.31010885489675
846,59.98045221635977,43.29355734350982,101.55396197385286,93.04831697,79.70045506135742
847,,63.93975205190272,49.40589753377547,74.61597737,68.22532711
848,52.60990732192409,38.21917864616066,52.283055132906185,37.72356518428174,-5.992816871
849,,57.46653233814264,69.51681780839417,71.93885191159367,64.82362465426833
850,48.04671644743126,54.67340289727099,,121.69040855510922,84.81811708566589
851,46.11220756789198,56.63314945497642,65.55948138,60.082080861502774,80.81218327841975
852,63.61293124439233,88.26646526857951,59.276535621986696,69.70447241,103.69812535658501
853,35.09260620284464,50.49012812308901,49.84444419460716,104.83223037723782,65.87935364816637
854,50.51191119979898,60.801130409176636,86.51770763351936,95.49256324157436,67.19988668356038
855,42.62357566542585,40.31765697346141,71.50564089286013,47.252509133481105,
856,52.92679118821836,74.10561055,106.60737458751224,77.28458076078147,104.14288486670524
857,55.71964934721441,57.30621713839628,77.18013281908785,115.17424204832702,63.364936535144416
858,56.27590732284045,77.67462367916647,95.77064678096977,80.66196446339109,68.51980171959407
859,60.26239081898477,23.143393301364043,55.42406771,115.78077512357788,106.94242065470677
860,47.474726731891344,59.12803528047417,55.17585729595834,117.19439488543007,63.518096504360976
861,48.09778717862718,61.981913034848624,114.41741213945778,56.80849849,101.41012774340297
862,55.266022143517695,73.67284916858237,57.82168140808592,72.62387367,53.80124769308379
863,58.875016933061225,50.37001822153055,51.01700898,96.44008891488855,89.36627249582673
864,36.996961828616456,71.80237222,46.57507713925362,41.55784961464155,71.71044522878466
865,53.14121174679678,52.08846728207106,108.31501129393095,74.42376351788559,82.01115859278171
866,46.047556745718225,61.40635768356281,64.50605920670785,,135.35040011229088
867,50.87152570384361,73.82927335882464,78.06784160201116,64.44372372005688,40.82136787061786
868,46.433113467122745,46.05345721,73.02794438980081,94.70267696,132.6723212783007
869,42.77253393707715,71.10877006096338,55.531809033545244,64.99568310300704,62.436735293660895
870,39.81476737176777,65.02353857979035,64.07394004991787,64.71869705359157,116.07245319797943
871,48.48975985029715,54.99488803539095,86.91367741389652,98.60464796854434,122.01950865524287
872,53.58405791755896,49.97690106946033,45.48284563083739,114.20112333058185,102.91386646655705
873,43.969921999262695,28.487566982987993,83.48336481182834,62.23138452817696,53.446691643359735
874,61.898119668668734,,98.68075329043168,49.71599121402346,98.17289050930769
875,74.58450343001417,55.01997491498602,75.8475068,79.06858810636543,166.7868675096982
876,54.13125120983944,69.58697638028373,96.66800469,91.67254006192292,90.33707103720388
877,49.58764475453315,68.06996949073502,42.571732755581365,61.98182177125253,86.97549714909171
878,40.87737259575333,76.05175956542105,33.39915094632636,121.51721806043895,84.08830407838195
879,53.70058088367979,76.60093926029106,,76.3289917,105.46690101219687
880,64.77175733,107.33306816078448,,61.765796583804516,87.38457485002405
881,69.48479410097343,67.70489953306176,87.57529923319908,128.2925519771195,98.53771529079606
882,63.96155798,47.09294115887183,63.79112038912676,111.66355861526162,81.23029934069505
883,58.43309628306109,72.39289484,72.94384749917039,61.81429184712682,58.91265386085439
884,54.10193370047163,84.08856084807421,71.61967656148994,106.67852049228539,159.66207302052837
885,39.51331969119616,67.12345986573588,72.25767989801086,63.603896565476475,87.10046095221988
886,49.002784521698615,,59.147090243743804,99.18941279,185.95194579875653
887,47.84121862528875,68.33040306004415,42.707037367262274,124.43311068381702,102.74745738140754
888,49.067959645927466,50.55192229092724,65.61616910562354,49.77905635922039,107.99946607726676
889,42.80587787173198,40.171111798807914,99.0008341,66.55574624561402,80.72146291434736
890,57.578619684363765,62.800301599561436,57.82343415076019,67.10422273968331,
891,47.261352065929565,37.11277526076316,57.71306802548151,86.64020985,81.39989642808781
892,46.449695928565006,75.34720656443483,73.15294853736981,91.83336248252127,65.03062007896494
893,42.83973375788935,70.96318751148713,46.457949827157705,77.77249975,
894,52.32299988,58.69996589626329,90.06976334048652,37.954014110833036,143.53803166241607
895,64.96774526055796,51.74882652,48.365290924243915,49.22473265931613,113.99257817003641
896,49.89791703389462,57.238510684143776,64.21405569805302,57.91128172552923,134.94555373062198
897,52.817405484662885,,120.7781674725347,93.99741750631881,123.74699068915554
898,69.35260563040066,58.84433561878846,47.14871525888513,45.122241404787374,71.95885306494074
899,62.03442539,17.333113837596798,99.44741435054738,57.15792700577529,43.80942499486671
900,55.87744817552198,61.33064945140305,72.42496334382936,51.658931175357836,76.19570487909489
901,55.45697766257438,61.713299123833835,75.24636274964784,88.53261484065962,92.75495457034839
902,43.96934092207086,72.67724502136112,53.81277535498667,108.29355223451319,124.3302935537795
903,42.991305511173906,64.49717363990132,85.97501222469542,83.85385166063202,88.36186056964577
904,51.41408153005034,74.66002142807248,62.681503741697334,129.83758189762267,178.99097385528052
905,,68.20546663578588,47.04429705305199,83.84871281685098,77.01912028
906,41.50235130967154,75.54786405609185,99.11320806285775,77.64636772,107.73172807344575
907,57.03296664,99.32137595988829,62.28302215,60.39569894921968,72.04227324612879
908,47.227021115028805,66.30025712922554,,85.07474294173318,102.18847157467033
909,61.273207357128776,62.760362171510444,64.62586197501398,59.330601229638745,
910,49.44591488210652,77.80573381902234,86.16139025320217,,82.54017128262285
911,,52.976527458444565,82.96723609333326,54.81096291,71.43623691312627
912,40.62603550494019,58.21218351051874,57.182417272372525,74.39431344679548,94.42627219293709
913,41.721402648813665,66.31491927417855,50.450377404295466,67.49743743,115.08518779402937
914,63.177643650776005,61.08622556592756,42.67645581582116,146.36834743543054,60.74800907384353
915,52.689637469889796,61.01870161201332,69.54473656643415,85.23449881974105,88.54281015083755
916,53.89302380522639,73.49668804989469,73.01991483,84.82300187,104.7940221196691
917,66.00646956883122,34.559177407206604,84.17921361,66.20108216910427,110.48673323019027
918,36.82411379657758,90.50188617708358,67.01931538904945,,145.89083541551327
919,56.71255717041391,67.28850026976842,66.42664468690366,56.90130545498148,107.36035338150714
920,34.121091353068515,53.99608005278614,64.43013863481879,68.15725654,77.99933708
921,45.62348057946628,84.42079362523185,73.05403398837429,104.98026769760814,
922,38.54912975291464,61.553010760556006,67.32671088720245,85.05878495778302,72.59225476915229
923,58.58590545932201,61.94847806394386,88.78174511031992,48.17410262881368,70.9206967
924,31.10273647940376,56.779450759700545,76.21689943543048,80.68230941647029,96.47208055822172
925,47.699154886472044,82.01540496,72.16003876458619,96.99211616051542,102.61650734129294
926,38.41229806801623,59.859735312481625,69.16535089402308,92.80049010744729,114.73634446160361
927,41.45191627395988,51.623760512088026,51.16350912593196,96.52960565664456,109.94984179905713
928,42.99288835812426,74.98159453289776,69.98694916,134.64244722720449,127.38321463933153
929,63.191045374986324,77.74433063633049,57.069435603616185,86.78825232057547,69.93237468421908
930,46.64770549968469,84.09912471,76.93102054,99.89111146350892,139.09452556899595
931,67.27325696014901,69.50398563074451,65.82281900894748,19.395549904302953,71.11032305
932,69.36586326846535,77.19399742864725,103.28629242848622,126.63912251718074,100.43797074525793
933,71.13683868623554,56.11120211102561,44.76098615544946,81.62498515,84.15723963050505
934,49.41233079047856,75.3869913,7.9896336924926175,58.299859112233776,89.28312637171302
935,52.103571393713615,71.13783909,75.35326075848857,75.11929638,110.16866289651777
936,53.77955642862775,67.95690403,57.13506820613942,96.56304673,46.84739492043681
937,46.32512171439236,,73.22121212825803,105.86871314737039,65.07827210838529
938,54.24370258841952,54.17739039683888,45.28724353025295,77.61881528031324,112.47680205740797
939,40.64803792863353,59.31427489980214,108.17919482530823,95.03604929808675,89.93542151426345
940,31.24524237202355,67.97394040852842,62.269775948406895,73.41957464001004,82.30146548054911
941,57.14134599421614,96.01105663,55.84108858412849,92.29068410558082,56.37178315009868
942,46.502266952834965,72.88865874528136,107.80984323353957,85.15682480489022,82.51167563009311
943,40.233081619611376,47.84979958842957,86.80686301,87.52065017613978,110.42840824700909
944,41.49773697330755,52.79634720226324,97.79021288239825,72.22589355524667,73.09580642563003
945,65.15121820765398,80.84795553525987,66.55646477841479,90.09145774948935,130.92190040575298
946,54.641127909220955,52.13669678823199,70.93819616329714,59.33633500289408,122.30654792407877
947,34.776928175363146,75.28056746,58.06547409001443,84.86546619675019,79.49841286443686
948,38.130135874121436,61.758331353535134,55.730551620773134,64.13831573637111,72.16953801630117
949,47.081203941829806,57.50416590800361,77.96477158117997,55.158422961227274,7.065649932772899
950,54.76409358342032,52.36401915063123,62.63095289655237,62.360930026129715,57.694168741759015
951,42.05428621627151,14.30363218601294,114.41638240739081,74.79936942577298,55.8499099
952,48.270533251546716,68.09626686301203,86.85050715660381,66.78820075025658,47.07100707195914
953,51.14551188230177,44.218053554848964,,89.90715776855785,88.92070566970173
954,51.35268409102675,38.72448600352732,25.42639631149293,81.992299,99.36241680978338
955,26.048637810007435,63.71662052828776,107.90842013574394,105.36401123394822,144.4396602682039
956,52.216413718030644,75.44314316936664,22.301072379530112,77.88844115101007,91.99471984202083
957,,34.54787867860911,44.78177728646368,84.51717646330947,28.993386364650256
958,47.13601518499044,75.05093261470543,34.94705967734757,126.64803101531689,67.56767906
959,44.98584953091502,46.45191115307451,74.86098280693703,69.02911253530915,108.31692826626903
960,39.21267100799814,69.73396584049384,69.63605904936782,72.87119324,87.55761759264986
961,58.43167204001216,68.68423805852751,85.89838388525469,,115.70484028783241
962,38.760241401032445,56.90034827327105,68.23071436731631,56.07932795037708,74.58753079306291
963,,60.44809401842246,94.50200584935874,112.88435606835097,124.56111958394828
964,58.787341730031905,54.05699514783407,51.346134929382586,74.07756273,97.38090222653238
965,44.484995940103396,63.95305885391242,94.96325622536784,59.16745618644586,98.14432751794732
966,42.41490009314575,63.82059139522922,69.38518653278442,102.63040822669012,94.49864662708923
967,47.31844556,46.14172194028947,117.11720401296168,73.72184236401691,67.04531639066596
968,55.405025205710984,39.632521152897596,87.43814019923425,125.60718763341934,
969,,75.12531274785724,63.92676660956848,82.02894130182958,98.81282752660111
970,40.638784020621756,63.060160209817475,69.31854083061444,81.84715023155711,47.98036174071279
971,41.449180345339094,73.04754424473879,49.817682311687456,65.34743696,92.38782758290562
972,47.236645950734655,49.94394330534052,77.18720326043538,76.33089257503022,126.44633755495605
973,52.301406512671754,47.63342343307838,63.91607639237609,73.18390480274982,103.01454400110369
974,42.297533360026414,44.82244608195214,84.48336576718053,113.28455903568562,131.0187045
975,56.885633678861545,57.28863633,43.240016848391456,87.24006415,102.23181969917515
976,40.82722248547437,63.48669431381865,63.40654408721922,97.63876868,63.07107307297896
977,30.991454105040372,51.84262699188852,46.80957707970671,82.46242486655424,113.72279282512791
978,55.317752811656774,83.47236873497604,48.05317152352362,69.72619829963688,55.76921645
979,56.47589473146245,50.36778310678963,82.12100334531448,89.27477309489831,
980,60.446506356327596,63.73194203218777,,119.76866959316413,81.72010928048324
981,30.081002028428756,46.754353665046764,23.34909317494248,,69.65164813
982,43.343849484771454,49.90320004,107.23749062856815,90.48703074844532,161.36901665563084
983,47.48941831801258,58.704936144781286,98.08174287430607,117.41453502663643,87.82064075864722
984,67.56958173417884,47.510459088950725,43.066485545266524,59.63068058523504,
985,48.40798605020941,61.34123172089286,86.53687055,103.0502831311833,
986,36.53483312,66.60376370433603,60.79628016350849,103.07927086442955,65.37234567819803
987,52.96740464754792,76.40061643545292,68.03798866139202,47.642983450897034,77.71236708289187
988,63.09456225796114,43.801455856623946,,107.76091172674205,88.84556016559947
989,,62.51763458373468,79.59991704278043,65.14704998593817,79.74575023276209
990,55.617981643277986,59.070778117625736,58.54007617465903,88.97124724859414,81.78143335829142
991,52.62632367108165,32.27728110811121,58.45535386466575,105.60352956630155,107.21231881563692
992,27.32247690549108,,59.63546991785674,110.0020297234336,100.96110163302006
993,50.256664550537124,67.12420929,92.85655156832924,41.60376213,110.69981168192187
994,51.78140262531736,39.71014779023025,,124.71506257811365,135.80053732577548
995,48.40090325748907,58.89869278967843,,115.44820569222603,75.85542501658684
996,57.07099887489365,28.163362547620594,101.4509380972211,106.29835300916552,123.41677753584077
997,48.24002197227305,58.455714481090354,84.07407101816281,,
998,46.31436795,29.19736633170904,91.01928110332732,69.10755300126702,128.81702380611742
999,60.389977216522546,50.93132185940594,,52.92045414615512,37.202075687784905